,Train RMSE,Test RMSE,Train MAE,Test MAE,Test MAPE (%),Train R²,Test R²
KNN,1.043479424714878e-05,96.91984660826476,4.352763678164996e-06,73.00654645465586,155.62403486161702,0.9999999999999892,0.02326068895802136
Random Forest,71.05263754914228,98.84649780255342,52.46362691148835,76.1949629660036,120.78904231503913,0.5016993374083458,-0.01595811619238985
XGBoost,29.518717239041777,106.50918268700939,23.918299889065207,84.33974197755258,189.77958775096937,0.9139945409072949,-0.17957982272113848
Gradient Boosting,31.389163025854597,108.51169262898046,24.741718034616774,83.24429198271419,166.79682658264053,0.902749794464961,-0.22435203326303443
